Amino Acid,Three-Letter Abbreviation,Single-Letter Abbreviation,Codons
Alanine,Ala,A,"GCT, GCC, GCA, GCG"
Arginine,Arg,R,"CGT, CGC, CGA, CGG, AGA, AGG"
Asparagine,Asn,N,"AAT, AAC"
Aspartic acid,Asp,D,"GAT, GAC"
Cysteine,Cys,C,"TGT, TGC"
Glutamic acid,Glu,E,"GAA, GAG"
Glutamine,Gln,Q,"CAA, CAG"
Glycine,Gly,G,"GGT, GGC, GGA, GGG"
Histidine,His,H,"CAT, CAC"
Isoleucine,Ile,I,"ATT, ATC, ATA"
Leucine,Leu,L,"TTA, TTG, CTT, CTC, CTA, CTG"
Lysine,Lys,K,"AAA, AAG"
Methionine,Met,M,ATG
Phenylalanine,Phe,F,"TTT, TTC"
Proline,Pro,P,"CCT, CCC, CCA, CCG"
Serine,Ser,S,"TCT, TCC, TCA, TCG, AGT, AGC"
Threonine,Thr,T,"ACT, ACC, ACA, ACG"
Tryptophan,Trp,W,TGG
Tyrosine,Tyr,Y,"TAT, TAC"
Valine,Val,V,"GTT, GTC, GTA, GTG"
STOP,,*,TGA
